<mujoco>
    <asset>
        <texture type="skybox" builtin="gradient" rgb1="0.44 0.85 0.56" rgb2="0.46 0.87 0.58" width="32" height="32"></texture>
        <texture name="texture_block" file="block.png" gridsize="3 4" gridlayout=".U..LFRB.D.."></texture>

        <material name="floor_mat" specular="0" shininess="0.5" reflectance="0" rgba="0.2 0.2 0.2 1"></material>
        <material name="table_mat" specular="0" shininess="0.5" reflectance="0" rgba="0.93 0.93 0.93 1"></material>
        <material name="block_mat" specular="0" shininess="0.5" reflectance="0" rgba="0.2 0.2 0.2 1"></material>
        <material name="puck_mat" specular="0" shininess="0.5" reflectance="0" rgba="0.2 0.2 0.2 1"></material>
        
        <texture type="skybox" builtin="gradient" rgb1="0.44 0.85 0.56" rgb2="0.46 0.87 0.58" width="32" height="32"></texture>
        <texture name="texture_block" file="block.png" gridsize="3 4" gridlayout=".U..LFRB.D.."></texture>
        <mesh name="A0509_0_0" file="A0509_0_0.stl" scale="0.001 0.001 0.001" />
        <mesh name="A0509_1_0" file="A0509_1_0.stl" scale="0.001 0.001 0.001" />
        <mesh name="A0509_1_1" file="A0509_1_1.stl" scale="0.001 0.001 0.001" />
        <mesh name="A0509_1_2" file="A0509_1_2.stl" scale="0.001 0.001 0.001" />
        <mesh name="A0509_2_0" file="A0509_2_0.stl" scale="0.001 0.001 0.001" />
        <mesh name="A0509_2_1" file="A0509_2_1.stl" scale="0.001 0.001 0.001" />
        <mesh name="A0509_2_2" file="A0509_2_2.stl" scale="0.001 0.001 0.001" />
        <mesh name="A0509_3_0" file="A0509_3_0.stl" scale="0.001 0.001 0.001" />
        <mesh name="A0509_3_1" file="A0509_3_1.stl" scale="0.001 0.001 0.001" />
        <mesh name="A0509_4_0" file="A0509_4_0.stl" scale="0.001 0.001 0.001" />
        <mesh name="A0509_4_1" file="A0509_4_1.stl" scale="0.001 0.001 0.001" />
        <mesh name="A0509_5_0" file="A0509_5_0.stl" scale="0.001 0.001 0.001" />
        <mesh name="A0509_5_1" file="A0509_5_1.stl" scale="0.001 0.001 0.001" />
        <mesh name="A0509_6_0" file="A0509_6_0.stl" scale="0.001 0.001 0.001" />
        <mesh name="base_link" file="base_link.stl" />
        <mesh name="outer_knuckle" file="outer_knuckle.stl" />
        <mesh name="inner_knuckle" file="inner_knuckle.stl" />
        <mesh name="inner_finger" file="inner_finger.stl" />
        <mesh name="base_link_1" file="base_link_1.stl" />
        <mesh name="outer_knuckle_1" file="outer_knuckle_1.stl" />
        <mesh name="inner_knuckle_1" file="inner_knuckle_1.stl" />
        <mesh name="inner_finger_1" file="inner_finger_1.stl" />
        <material name="block_mat" specular="0" shininess="0.5" reflectance="0" rgba="0.2 0.2 0.2 1"></material>
    </asset>

    <equality>
        <weld body1="robot0:mocap" body2="robot0:gripper_link" solimp="0.9 0.95 0.001" solref="0.02 1"></weld>
    </equality>
    
    <contact>
        <exclude body1="robot0:r_gripper_finger_link" body2="robot0:l_gripper_finger_link"></exclude>
        <exclude body1="robot0:torso_lift_link" body2="robot0:torso_fixed_link"></exclude>
        <exclude body1="robot0:torso_lift_link" body2="robot0:shoulder_pan_link"></exclude>
    </contact>
    
    <default>
        <default class="robot0:fetch">
            <geom margin="0.001" material="robot0:geomMat" rgba="1 1 1 1" solimp="0.99 0.99 0.01" solref="0.01 1" type="mesh" user="0"></geom>
            <joint armature="1" damping="50" frictionloss="0" stiffness="0"></joint>
            
            <default class="robot0:fetchGripper">
                <geom condim="4" margin="0.001" type="box" user="0" rgba="0.356 0.361 0.376 1.0"></geom>
                <joint armature="100" damping="1000" limited="true" solimplimit="0.99 0.999 0.01" solreflimit="0.01 1" type="slide"></joint>
            </default>

            <default class="robot0:grey">
                <geom rgba="0.356 0.361 0.376 1.0"></geom>
            </default>
            <default class="robot0:blue">
                <geom rgba="0.086 0.506 0.767 1.0"></geom>
            </default>
        </default>
    </default>
</mujoco>
